TYPE,CONTACT
Cylinders,9425056939
Refill,9753100200
Manish (Ujjain),9009777779
Cylinders,7240986073
Refill,7898587709
Concentrator,7987747886
Refill,9826500599
Cylinder,9826013383
Cylinder,9926600020
Plasma,9200250000
Plasma,+91 94245 47080
Plasma,9926601803
Plasma,9009212508
Plasma,9937097779
Plasma,https://needplasmain/ 
 , 
Blood Banks, 
Bombay Hospital,07314077000
Greater Kailash,07316733349
CHL,07314072550
Bhandari,07314002330
Choithram,07312362491
Gokuldas,07312519218
Suyash,07312493911
Cloth market,07312380845
Varma Union,07312787694
Allied,07312553308/9893764549
Noble,07312522970
Satya Sai,0731259/0737
Red Cross,07314933101

